<?xml version="1.0" encoding="UTF-8"?>
<project-private xmlns="http://www.netbeans.org/ns/project-private/1">
    <editor-bookmarks xmlns="http://www.netbeans.org/ns/editor-bookmarks/2" lastBookmarkId="0"/>
    <open-files xmlns="http://www.netbeans.org/ns/projectui-open-files/2">
        <group>
            <file>file:/C:/Users/Mio/Downloads/Pizzeria_FranksHolly%20(1)/Pizzeria_FranksHolly/Pizzeria_FranksHolly/Pizzeria_FranksHolly/src/pizzeria_franksholly/Pizzeria_FranksHolly.java</file>
            <file>file:/C:/Users/Mio/Downloads/Pizzeria_FranksHolly%20(1)/Pizzeria_FranksHolly/Pizzeria_FranksHolly/Pizzeria_FranksHolly/src/pizzeria_franksholly/PizzeriaTable.java</file>
            <file>file:/C:/Users/Mio/Downloads/Pizzeria_FranksHolly%20(1)/Pizzeria_FranksHolly/Pizzeria_FranksHolly/Pizzeria_FranksHolly/src/pizzeria_franksholly/PizzeriaController.java</file>
        </group>
    </open-files>
</project-private>
