<?xml version="1.0" encoding="UTF-8"?>
<project-private xmlns="http://www.netbeans.org/ns/project-private/1">
    <editor-bookmarks xmlns="http://www.netbeans.org/ns/editor-bookmarks/2" lastBookmarkId="0"/>
    <open-files xmlns="http://www.netbeans.org/ns/projectui-open-files/2">
        <group>
            <file>file:/C:/Users/Mio/Downloads/-M3_L4_FranksHolly/M3_L4_FranksHolly/src/m3_l4_franksholly/CourseGrades.java</file>
            <file>file:/C:/Users/Mio/Downloads/-M3_L4_FranksHolly/M3_L4_FranksHolly/src/m3_l4_franksholly/FinalExam.java</file>
            <file>file:/C:/Users/Mio/Downloads/-M3_L4_FranksHolly/M3_L4_FranksHolly/src/m3_l4_franksholly/PassFailExam.java</file>
            <file>file:/C:/Users/Mio/Downloads/-M3_L4_FranksHolly/M3_L4_FranksHolly/src/m3_l4_franksholly/GradedActivity.java</file>
            <file>file:/C:/Users/Mio/Downloads/-M3_L4_FranksHolly/M3_L4_FranksHolly/src/m3_l4_franksholly/Essay.java</file>
            <file>file:/C:/Users/Mio/Downloads/-M3_L4_FranksHolly/M3_L4_FranksHolly/src/m3_l4_franksholly/M3_L4_FranksHolly.java</file>
        </group>
    </open-files>
</project-private>
