<?xml version="1.0" encoding="UTF-8"?>
<project-private xmlns="http://www.netbeans.org/ns/project-private/1">
    <editor-bookmarks xmlns="http://www.netbeans.org/ns/editor-bookmarks/2" lastBookmarkId="1"/>
    <open-files xmlns="http://www.netbeans.org/ns/projectui-open-files/2">
        <group>
            <file>file:/C:/Users/Mio/Documents/FTCC/Java%20Assignments/M2_H1_FranksHolly/M3_L6_FranksHolly/src/m3_l6_franksholly/InvalidMonthName.java</file>
            <file>file:/C:/Users/Mio/Documents/FTCC/Java%20Assignments/M2_H1_FranksHolly/M3_L6_FranksHolly/src/m3_l6_franksholly/M3_L6_FranksHolly.java</file>
            <file>file:/C:/Users/Mio/Documents/FTCC/Java%20Assignments/M2_H1_FranksHolly/M3_L6_FranksHolly/src/m3_l6_franksholly/Month.java</file>
            <file>file:/C:/Users/Mio/Documents/FTCC/Java%20Assignments/M2_H1_FranksHolly/M3_L6_FranksHolly/src/m3_l6_franksholly/InvalidMonthNumber.java</file>
        </group>
    </open-files>
</project-private>
