<?xml version="1.0" encoding="UTF-8"?>
<project-private xmlns="http://www.netbeans.org/ns/project-private/1">
    <editor-bookmarks xmlns="http://www.netbeans.org/ns/editor-bookmarks/2" lastBookmarkId="0"/>
    <open-files xmlns="http://www.netbeans.org/ns/projectui-open-files/2">
        <group>
            <file>file:/C:/Users/franksh8359/Documents/NetBeansProjects/M2_L1_FranksHolly/src/m2_l1_franksholly/M2_L1_FranksHolly.java</file>
            <file>file:/C:/Users/franksh8359/Documents/NetBeansProjects/M2_L1_FranksHolly/src/m2_l1_franksholly/BankAccount.java</file>
        </group>
    </open-files>
</project-private>
